date,close,pb
2016-06-16,3.63,0.798001
2016-06-17,3.64,0.800199
2016-06-20,3.62,0.795803
2016-06-21,3.64,0.800199
2016-06-22,3.67,0.806794
2016-06-23,3.67,0.806794
2016-06-24,3.64,0.800199
2016-06-27,3.69,0.811191
2016-06-28,3.71,0.815588
2016-06-29,3.74,0.822183
2016-06-30,3.76,0.826579
2016-07-01,3.81,0.837571
2016-07-04,3.82,0.83977
2016-07-05,3.8,0.835373
2016-07-06,3.81,0.837571
2016-07-07,3.84,0.844166
2016-07-08,3.82,0.83977
2016-07-11,3.84,0.844166
2016-07-12,3.9,0.857356
2016-07-13,3.75,0.824381
2016-07-14,3.75,0.824381
2016-07-15,3.82,0.83977
2016-07-18,3.87,0.850761
2016-07-19,3.82,0.83977
2016-07-20,3.81,0.837571
2016-07-21,3.8,0.835373
2016-07-22,3.82,0.83977
2016-07-25,3.88,0.85296
2016-07-26,3.92,0.861753
2016-07-27,3.88,0.85296
2016-07-28,3.82,0.83977
2016-07-29,3.84,0.844166
2016-08-01,3.86,0.848563
2016-08-02,3.84,0.844166
2016-08-03,3.82,0.83977
2016-08-04,3.82,0.83977
2016-08-05,3.84,0.844166
2016-08-08,3.84,0.844166
2016-08-09,3.86,0.848563
2016-08-10,3.87,0.850761
2016-08-11,3.91,0.859555
2016-08-12,4.06,0.89253
2016-08-15,4.2,0.923307
2016-08-16,4.12,0.90572
2016-08-17,4.05,0.890332
2016-08-18,4.04,0.888133
2016-08-19,4.05,0.890332
2016-08-22,4.03,0.885935
2016-08-23,4.02,0.883737
2016-08-24,4.02,0.883737
2016-08-25,3.99,0.877141
2016-08-26,3.96,0.870546
2016-08-29,3.9,0.869464
2016-08-30,3.92,0.873923
2016-08-31,3.93,0.876153
2016-09-01,3.93,0.876153
2016-09-02,3.93,0.876153
2016-09-05,3.93,0.876153
2016-09-06,3.9,0.869464
2016-09-07,3.9,0.869464
2016-09-08,3.89,0.867235
2016-09-09,3.85,0.858317
2016-09-12,3.76,0.838253
2016-09-13,3.78,0.842712
2016-09-14,3.73,0.831565
2016-09-19,3.77,0.840482
2016-09-20,3.76,0.838253
2016-09-21,3.77,0.840482
2016-09-22,3.78,0.842712
2016-09-23,3.79,0.844941
2016-09-26,3.73,0.831565
2016-09-27,3.77,0.840482
2016-09-28,3.74,0.833794
2016-09-29,3.78,0.842712
2016-09-30,3.79,0.844941
2016-10-10,3.82,0.851629
2016-10-11,3.8,0.847171
2016-10-12,3.77,0.840482
2016-10-13,3.78,0.842712
2016-10-14,3.77,0.840482
2016-10-17,3.74,0.833794
2016-10-18,3.78,0.842712
2016-10-19,3.8,0.847171
2016-10-20,3.8,0.847171
2016-10-21,3.82,0.851629
2016-10-24,3.88,0.865006
2016-10-25,3.87,0.862776
2016-10-26,3.82,0.851629
2016-10-27,3.8,0.847171
2016-10-28,3.82,0.851629
2016-10-31,3.81,0.815484
2016-11-01,3.87,0.828327
2016-11-02,3.82,0.817625
2016-11-03,3.84,0.821905
2016-11-04,3.85,0.824046
2016-11-07,3.87,0.828327
2016-11-08,3.88,0.830467
2016-11-09,3.86,0.826186
2016-11-10,3.9,0.834748
2016-11-11,3.91,0.836888
2016-11-14,3.93,0.841169
2016-11-15,3.91,0.836888
2016-11-16,3.89,0.832607
2016-11-17,3.89,0.832607
2016-11-18,3.86,0.826186
2016-11-21,3.91,0.836888
2016-11-22,3.98,0.851871
2016-11-23,4.04,0.864713
2016-11-24,4.07,0.871134
2016-11-25,4.14,0.886117
2016-11-28,4.15,0.888257
2016-11-29,4.16,0.890398
2016-11-30,4.09,0.875415
2016-12-01,4.11,0.879696
2016-12-02,4.08,0.873275
2016-12-05,4.06,0.868994
2016-12-06,4.03,0.862573
2016-12-07,4.02,0.860432
2016-12-08,4.05,0.866853
2016-12-09,4.19,0.896819
2016-12-12,4.18,0.894678
2016-12-13,4.13,0.883976
2016-12-14,4.15,0.888257
2016-12-15,3.98,0.851871
2016-12-16,3.95,0.84545
2016-12-19,3.94,0.843309
2016-12-20,3.9,0.834748
2016-12-21,3.93,0.841169
2016-12-22,3.9,0.834748
2016-12-23,3.89,0.832607
2016-12-26,3.9,0.834748
2016-12-27,3.88,0.830467
2016-12-28,3.88,0.830467
2016-12-29,3.89,0.832607
2016-12-30,3.91,0.836888
2017-01-03,3.95,0.84545
2017-01-04,3.96,0.84759
2017-01-05,3.94,0.843309
2017-01-06,3.92,0.839029
2017-01-09,3.92,0.839029
2017-01-10,3.91,0.836888
2017-01-11,3.91,0.836888
2017-01-12,3.89,0.832607
2017-01-13,3.92,0.839029
2017-01-16,3.97,0.84973
2017-01-17,3.96,0.84759
2017-01-18,3.99,0.854011
2017-01-19,3.98,0.851871
2017-01-20,4.0,0.856152
2017-01-23,3.99,0.854011
2017-01-24,4.06,0.868994
2017-01-25,4.06,0.868994
2017-01-26,4.08,0.873275
2017-02-03,4.03,0.862573
2017-02-06,4.04,0.864713
2017-02-07,4.03,0.862573
2017-02-08,4.05,0.866853
2017-02-09,4.06,0.868994
2017-02-10,4.08,0.873275
2017-02-13,4.13,0.883976
2017-02-14,4.12,0.881836
2017-02-15,4.14,0.886117
2017-02-16,4.16,0.890398
2017-02-17,4.1,0.877555
2017-02-20,4.19,0.896819
2017-02-21,4.19,0.896819
2017-02-22,4.19,0.896819
2017-02-23,4.19,0.896819
2017-02-24,4.16,0.890398
2017-02-27,4.15,0.888257
2017-02-28,4.14,0.886117
2017-03-01,4.21,0.9011
2017-03-02,4.19,0.896819
2017-03-03,4.16,0.890398
2017-03-06,4.14,0.886117
2017-03-07,4.16,0.890398
2017-03-08,4.15,0.888257
2017-03-09,4.11,0.879696
2017-03-10,4.14,0.886117
2017-03-13,4.22,0.90324
2017-03-14,4.23,0.90538
2017-03-15,4.26,0.911801
2017-03-16,4.25,0.909661
2017-03-17,4.12,0.881836
2017-03-20,4.12,0.881836
2017-03-21,4.1,0.877555
2017-03-22,4.04,0.864713
2017-03-23,4.04,0.864713
2017-03-24,4.05,0.866853
2017-03-27,4.09,0.875415
2017-03-28,4.09,0.875415
2017-03-29,4.08,0.873275
2017-03-30,4.09,0.875415
2017-03-31,4.11,0.870041
2017-04-05,4.11,0.870041
2017-04-06,4.08,0.863691
2017-04-07,4.07,0.861574
2017-04-10,4.05,0.85734
2017-04-11,4.04,0.855223
2017-04-12,4.03,0.853106
2017-04-13,4.01,0.848872
2017-04-14,4.0,0.846756
2017-04-17,3.98,0.842522
2017-04-18,3.93,0.831937
2017-04-19,3.88,0.821353
2017-04-20,3.87,0.819236
2017-04-21,3.89,0.82347
2017-04-24,3.88,0.821353
2017-04-25,3.89,0.82347
2017-04-26,3.88,0.821353
2017-04-27,3.86,0.817119
2017-04-28,3.86,0.817119
2017-05-02,3.85,0.788249
2017-05-03,3.87,0.792344
2017-05-04,3.86,0.790297
2017-05-05,3.86,0.790297
2017-05-08,3.86,0.790297
2017-05-09,3.87,0.792344
2017-05-10,3.89,0.796439
2017-05-11,3.9,0.798486
2017-05-12,3.97,0.812818
2017-05-15,3.96,0.810771
2017-05-16,3.94,0.806676
2017-05-17,3.9,0.798486
2017-05-18,3.86,0.790297
2017-05-19,3.85,0.788249
2017-05-22,3.85,0.788249
2017-05-23,3.91,0.800534
2017-05-24,3.87,0.792344
2017-05-25,3.98,0.814865
2017-05-26,3.97,0.812818
2017-05-31,3.99,0.816913
2017-06-01,4.01,0.821008
2017-06-02,4.03,0.825102
2017-06-05,3.97,0.812818
2017-06-06,3.96,0.810771
2017-06-07,3.97,0.812818
2017-06-08,3.97,0.812818
2017-06-09,3.99,0.816913
2017-06-12,3.97,0.812818
2017-06-13,3.96,0.810771
2017-06-14,3.95,0.808723
2017-06-15,3.93,0.804628
2017-06-16,3.93,0.804628
2017-06-19,3.95,0.808723
2017-06-20,3.95,0.808723
2017-06-21,3.96,0.810771
2017-06-22,3.99,0.816913
2017-06-23,4.0,0.81896
2017-06-26,3.99,0.816913
2017-06-27,4.02,0.823055
2017-06-28,4.04,0.82715
2017-06-29,4.05,0.829197
2017-06-30,4.05,0.829197
2017-07-03,4.04,0.82715
2017-07-04,4.03,0.825102
2017-07-05,3.95,0.808723
2017-07-06,3.97,0.812818
2017-07-07,3.95,0.808723
2017-07-10,3.96,0.810771
2017-07-11,4.02,0.823055
2017-07-12,4.07,0.833292
2017-07-13,4.12,0.843529
2017-07-14,4.18,0.855813
2017-07-17,4.33,0.886524
2017-07-18,4.3,0.880382
2017-07-19,4.3,0.880382
2017-07-20,4.32,0.884477
2017-07-21,4.26,0.872193
2017-07-24,4.27,0.87424
2017-07-25,4.27,0.87424
2017-07-26,4.29,0.878335
2017-07-27,4.24,0.868098
2017-07-28,4.23,0.86605
2017-07-31,4.23,0.86605
2017-08-01,4.26,0.872193
2017-08-02,4.3,0.880382
2017-08-03,4.25,0.870145
2017-08-04,4.19,0.857861
2017-08-07,4.18,0.855813
2017-08-08,4.18,0.855813
2017-08-09,4.13,0.845576
2017-08-10,4.11,0.841482
2017-08-11,4.1,0.839434
2017-08-14,4.07,0.833292
2017-08-15,4.09,0.837387
2017-08-16,4.06,0.831245
2017-08-17,4.1,0.839434
2017-08-18,4.1,0.839434
2017-08-21,4.08,0.835339
2017-08-22,4.09,0.837387
2017-08-23,4.11,0.841482
2017-08-24,4.07,0.833292
2017-08-25,4.21,0.861956
2017-08-28,4.24,0.858936
2017-08-29,4.28,0.867039
2017-08-30,4.23,0.85691
2017-08-31,4.2,0.850832
2017-09-01,4.15,0.840703
2017-09-04,4.21,0.852858
2017-09-05,4.23,0.85691
2017-09-06,4.2,0.850832
2017-09-07,4.17,0.844755
2017-09-08,4.15,0.840703
2017-09-11,4.16,0.842729
2017-09-12,4.17,0.844755
2017-09-13,4.14,0.838678
2017-09-14,4.13,0.836652
2017-09-15,4.11,0.8326
2017-09-18,4.09,0.828549
2017-09-19,4.1,0.830574
2017-09-20,4.09,0.828549
2017-09-21,4.12,0.834626
2017-09-22,4.12,0.834626
2017-09-25,4.12,0.834626
2017-09-26,4.1,0.830574
2017-09-27,4.08,0.826523
2017-09-28,4.07,0.824497
2017-09-29,4.05,0.820446
2017-10-09,4.1,0.830575
2017-10-10,4.1,0.830575
2017-10-11,4.11,0.832601
2017-10-12,4.1,0.830575
2017-10-13,4.1,0.830575
2017-10-16,4.13,0.836652
2017-10-17,4.11,0.832601
2017-10-18,4.13,0.836652
2017-10-19,4.14,0.838678
2017-10-20,4.11,0.832601
2017-10-23,4.06,0.822472
2017-10-24,4.07,0.824498
2017-10-25,4.07,0.824498
2017-10-26,4.06,0.822472
2017-10-27,4.07,0.824498
2017-10-30,4.05,0.820446
2017-10-31,4.04,0.790541
2017-11-01,4.03,0.788585
2017-11-02,4.03,0.788585
2017-11-03,4.03,0.788585
2017-11-06,4.0,0.782714
2017-11-07,4.05,0.792498
2017-11-08,4.05,0.792498
2017-11-09,4.02,0.786628
2017-11-10,4.0,0.782714
2017-11-13,4.06,0.794455
2017-11-14,4.03,0.788585
2017-11-15,4.02,0.786628
2017-11-16,4.01,0.784671
2017-11-17,4.09,0.800325
2017-11-20,4.11,0.804239
2017-11-21,4.11,0.804239
2017-11-22,4.23,0.82772
2017-11-23,4.18,0.817936
2017-11-24,4.18,0.817936
2017-11-27,4.18,0.817936
2017-11-28,4.14,0.810109
2017-11-29,4.13,0.808153
2017-11-30,4.18,0.817936
2017-12-01,4.18,0.817936
2017-12-04,4.18,0.817936
2017-12-05,4.25,0.831634
2017-12-06,4.21,0.823807
2017-12-07,4.2,0.82185
2017-12-08,4.17,0.81598
2017-12-11,4.17,0.81598
2017-12-12,4.12,0.806196
2017-12-13,4.15,0.812066
2017-12-14,4.12,0.806196
2017-12-15,4.06,0.794455
2017-12-18,4.05,0.792498
2017-12-19,4.09,0.800325
2017-12-20,4.08,0.798369
2017-12-21,4.08,0.798369
2017-12-22,4.06,0.893338
2017-12-25,4.06,0.893338
2017-12-26,4.09,0.899939
2017-12-27,4.07,0.895539
2017-12-28,4.05,0.891138
2017-12-29,4.05,0.891138
2018-01-02,4.08,0.897739
2018-01-03,4.11,0.90434
2018-01-04,4.1,0.90214
2018-01-05,4.12,0.90654
2018-01-08,4.13,0.908741
2018-01-09,4.1,0.90214
2018-01-10,4.13,0.908741
2018-01-11,4.15,0.913141
2018-01-12,4.16,0.915342
2018-01-15,4.21,0.926343
2018-01-16,4.21,0.926343
2018-01-17,4.27,0.939545
2018-01-18,4.33,0.952748
2018-01-19,4.44,0.976951
2018-01-22,4.48,0.985753
2018-01-23,4.8,1.056164
2018-01-24,4.8,1.056164
2018-01-25,4.78,1.051763
2018-01-26,4.81,1.058364
2018-01-29,4.75,1.045162
2018-01-30,4.6,1.012157
2018-01-31,4.67,1.02756
2018-02-01,4.73,1.040762
2018-02-02,4.68,1.02976
2018-02-05,4.99,1.097971
2018-02-06,4.92,1.082569
2018-02-07,4.75,1.045163
2018-02-08,4.53,0.996755
2018-02-09,4.4,0.968151
2018-02-12,4.29,0.943947
2018-02-13,4.32,0.950548
2018-02-14,4.32,0.950548
2018-02-22,4.41,0.970351
2018-02-23,4.48,0.985754
2018-02-26,4.47,0.983553
2018-02-27,4.38,0.96375
2018-02-28,4.31,0.948348
2018-03-01,4.32,0.950548
2018-03-02,4.27,0.939547
2018-03-05,4.28,0.941747
2018-03-06,4.32,0.950548
2018-03-07,4.3,0.946148
2018-03-08,4.31,0.948348
2018-03-09,4.3,0.946148
2018-03-12,4.29,0.943947
2018-03-13,4.29,0.943947
2018-03-14,4.25,0.935146
2018-03-15,4.24,0.932945
2018-03-16,4.19,0.921944
2018-03-19,4.19,0.921944
2018-03-20,4.2,0.924144
2018-03-21,4.2,0.924144
2018-03-22,4.2,0.924144
2018-03-23,4.19,0.921944
2018-03-26,4.08,0.89774
2018-03-27,4.06,0.893339
2018-03-28,4.06,0.893339
2018-03-29,4.1,0.798087
2018-03-30,4.08,0.794194
2018-04-02,4.06,0.7903
2018-04-03,4.03,0.784461
2018-04-04,4.03,0.784461
2018-04-09,4.04,0.786407
2018-04-10,4.12,0.80198
2018-04-11,4.16,0.809766
2018-04-12,4.12,0.80198
2018-04-13,4.07,0.792247
2018-04-16,3.99,0.776675
2018-04-17,3.97,0.772782
2018-04-18,3.99,0.776675
2018-04-19,4.0,0.778621
2018-04-20,3.98,0.774728
2018-04-23,3.98,0.774728
2018-04-24,4.05,0.788354
2018-04-25,4.01,0.780568
2018-04-26,4.01,0.780568
2018-04-27,4.04,0.786407
2018-05-02,4.02,0.779208
2018-05-03,4.03,0.781147
2018-05-04,4.02,0.779208
2018-05-07,4.03,0.781147
2018-05-08,4.08,0.790838
2018-05-09,4.08,0.790838
2018-05-10,4.09,0.792777
2018-05-11,4.1,0.794715
2018-05-14,4.12,0.798592
2018-05-15,4.1,0.794715
2018-05-16,4.05,0.785023
2018-05-17,4.04,0.783085
2018-05-18,4.08,0.790838
2018-05-21,4.09,0.792777
2018-05-22,4.07,0.7889
2018-05-23,4.03,0.781147
2018-05-24,4.02,0.779208
2018-05-25,4.02,0.779208
2018-05-28,4.0,0.775332
2018-05-29,4.02,0.779208
2018-05-30,3.95,0.76564
2018-05-31,3.97,0.769517
2018-06-01,3.97,0.769517
2018-06-04,3.99,0.773393
2018-06-05,3.98,0.771455
2018-06-06,3.96,0.767579
2018-06-07,3.96,0.767579
2018-06-08,3.9,0.755949
2018-06-11,3.89,0.754011
2018-06-12,3.89,0.754011
2018-06-13,3.87,0.750134
2018-06-14,3.87,0.750134
2018-06-15,3.89,0.754011
2018-06-19,3.9,0.755949
2018-06-20,3.85,0.746257
2018-06-21,3.83,0.742381
2018-06-22,3.82,0.740442
2018-06-25,3.77,0.730751
2018-06-26,3.7,0.717182
2018-06-27,3.64,0.705552
2018-06-28,3.62,0.701676
2018-06-29,3.66,0.709429
2018-07-02,3.51,0.680354
2018-07-03,3.53,0.684231
2018-07-04,3.53,0.684231
2018-07-05,3.58,0.693922
2018-07-06,3.58,0.693922
2018-07-09,3.68,0.713306
2018-07-10,3.66,0.709429
2018-07-11,3.62,0.701676
2018-07-12,3.68,0.713306
2018-07-13,3.67,0.711367
2018-07-16,3.61,0.699737
2018-07-17,3.61,0.699737
2018-07-18,3.61,0.699737
2018-07-19,3.6,0.697799
2018-07-20,3.73,0.722997
2018-07-23,3.79,0.734628
2018-07-24,3.83,0.742381
2018-07-25,3.84,0.744319
2018-07-26,3.79,0.734628
2018-07-27,3.63,0.703614
2018-07-30,3.66,0.709429
2018-07-31,3.67,0.711368
2018-08-01,3.61,0.699738
2018-08-02,3.53,0.684231
2018-08-03,3.56,0.690046
2018-08-06,3.56,0.690046
2018-08-07,3.61,0.699738
2018-08-08,3.57,0.691984
2018-08-09,3.61,0.699738
2018-08-10,3.59,0.695861
2018-08-13,3.56,0.690046
2018-08-14,3.55,0.688108
2018-08-15,3.48,0.674539
2018-08-16,3.49,0.676478
2018-08-17,3.45,0.668724
2018-08-20,3.5,0.678416
2018-08-21,3.53,0.684231
2018-08-22,3.53,0.684231
2018-08-23,3.55,0.688108
2018-08-24,3.63,0.703614
2018-08-27,3.7,0.717183
2018-08-28,3.7,0.717183
2018-08-29,3.68,0.717879
2018-08-30,3.67,0.715928
2018-08-31,3.73,0.727633
2018-09-03,3.7,0.721781
2018-09-04,3.76,0.733485
2018-09-05,3.7,0.721781
2018-09-06,3.72,0.725682
2018-09-07,3.73,0.727633
2018-09-10,3.72,0.725682
2018-09-11,3.7,0.721781
2018-09-12,3.73,0.727633
2018-09-13,3.78,0.737387
2018-09-14,3.77,0.735436
2018-09-17,3.77,0.735436
2018-09-18,3.82,0.74519
2018-09-19,3.82,0.74519
2018-09-20,3.88,0.756894
2018-09-21,3.93,0.766648
2018-09-25,3.9,0.760796
2018-09-26,3.89,0.758845
2018-09-27,3.89,0.758845
2018-09-28,3.91,0.762747
2018-10-08,3.81,0.743239
2018-10-09,3.78,0.737387
2018-10-10,3.84,0.749091
2018-10-11,3.71,0.723732
2018-10-12,3.8,0.741288
2018-10-15,3.8,0.741288
2018-10-16,3.8,0.741288
2018-10-17,3.89,0.758845
2018-10-18,3.77,0.735436
2018-10-19,3.92,0.764697
2018-10-22,4.02,0.784205
2018-10-23,3.94,0.768599
2018-10-24,4.0,0.780304
2018-10-25,4.05,0.790057
2018-10-26,4.0,0.780304
2018-10-29,3.96,0.772501
2018-10-30,4.06,0.792008
2018-10-31,4.01,0.754083
2018-11-01,4.0,0.752203
2018-11-02,4.03,0.757844
2018-11-05,3.97,0.746561
2018-11-06,3.96,0.744681
2018-11-07,3.95,0.7428
2018-11-08,3.97,0.746561
2018-11-09,3.84,0.722115
2018-11-12,3.84,0.722115
2018-11-13,3.85,0.723995
2018-11-14,3.82,0.718354
2018-11-15,3.85,0.723995
2018-11-16,3.86,0.725876
2018-11-19,3.93,0.739039
2018-11-20,3.88,0.729637
2018-11-21,3.88,0.729637
2018-11-22,3.85,0.723995
2018-11-23,3.8,0.714593
2018-11-26,3.83,0.720234
2018-11-27,3.83,0.720234
2018-11-28,3.84,0.722115
2018-11-29,3.81,0.716473
2018-11-30,3.85,0.723995
2018-12-03,3.91,0.735278
2018-12-04,3.94,0.74092
2018-12-05,3.91,0.735278
2018-12-06,3.87,0.727756
2018-12-07,3.85,0.723995
2018-12-10,3.81,0.716473
2018-12-11,3.81,0.716473
2018-12-12,3.82,0.718354
2018-12-13,3.85,0.723995
2018-12-14,3.81,0.716473
2018-12-17,3.83,0.720234
2018-12-18,3.79,0.712712
2018-12-19,3.78,0.710832
2018-12-20,3.7,0.695787
2018-12-21,3.65,0.686385
2018-12-24,3.64,0.684504
2018-12-25,3.63,0.682624
2018-12-26,3.64,0.684504
2018-12-27,3.65,0.686385
2018-12-28,3.7,0.695787
2019-01-02,3.65,0.686385
2019-01-03,3.75,0.70519
2019-01-04,3.84,0.722115
2019-01-07,3.84,0.722115
2019-01-08,3.82,0.718354
2019-01-09,3.87,0.727756
2019-01-10,3.84,0.722115
2019-01-11,3.87,0.727756
2019-01-14,3.86,0.725876
2019-01-15,3.9,0.733398
2019-01-16,3.92,0.737159
2019-01-17,3.9,0.733398
2019-01-18,3.95,0.7428
2019-01-21,3.97,0.746561
2019-01-22,3.89,0.731517
2019-01-23,3.91,0.735278
2019-01-24,3.89,0.731517
2019-01-25,3.98,0.748442
2019-01-28,3.94,0.74092
2019-01-29,4.0,0.752203
2019-01-30,3.99,0.750322
2019-01-31,4.09,0.769127
2019-02-01,4.07,0.765366
2019-02-11,4.09,0.769127
2019-02-12,4.04,0.759725
2019-02-13,4.07,0.765366
2019-02-14,4.05,0.761605
2019-02-15,3.99,0.750322
2019-02-18,4.02,0.755964
2019-02-19,4.03,0.757844
2019-02-20,4.05,0.761605
2019-02-21,4.02,0.755964
2019-02-22,4.06,0.763486
2019-02-25,4.29,0.806737
2019-02-26,4.17,0.784171
2019-02-27,4.26,0.801096
2019-02-28,4.23,0.795454
2019-03-01,4.4,0.827423
2019-03-04,4.49,0.844348
2019-03-05,4.47,0.840587
2019-03-06,4.48,0.842467
2019-03-07,4.36,0.819901
2019-03-08,4.17,0.784171
2019-03-11,4.17,0.784171
2019-03-12,4.18,0.786052
2019-03-13,4.16,0.782291
2019-03-14,4.13,0.776649
2019-03-15,4.13,0.776649
2019-03-18,4.22,0.793574
2019-03-19,4.18,0.786052
2019-03-20,4.18,0.786052
2019-03-21,4.14,0.77853
2019-03-22,4.11,0.772888
2019-03-25,4.02,0.755964
2019-03-26,4.0,0.752203
2019-03-27,4.02,0.755964
2019-03-28,4.0,0.752203
2019-03-29,4.1,0.75147
2019-04-01,4.16,0.762467
2019-04-02,4.15,0.760635
2019-04-03,4.17,0.7643
2019-04-04,4.23,0.775298
2019-04-08,4.26,0.780796
2019-04-09,4.24,0.77713
2019-04-10,4.17,0.7643
2019-04-11,4.13,0.756969
2019-04-12,4.14,0.758802
2019-04-15,4.17,0.7643
2019-04-16,4.34,0.795459
2019-04-17,4.38,0.80279
2019-04-18,4.31,0.78996
2019-04-19,4.32,0.791793
2019-04-22,4.22,0.773465
2019-04-23,4.24,0.77713
2019-04-24,4.23,0.775298
2019-04-25,4.19,0.767966
2019-04-26,4.09,0.749638
2019-04-29,4.17,0.737485
2019-04-30,4.17,0.737485
2019-05-06,4.04,0.714494
2019-05-07,4.04,0.714494
2019-05-08,3.98,0.703883
2019-05-09,3.92,0.693271
2019-05-10,3.96,0.700345
2019-05-13,3.91,0.691503
2019-05-14,3.88,0.686197
2019-05-15,3.9,0.689734
2019-05-16,3.91,0.691503
2019-05-17,3.87,0.684429
2019-05-20,3.88,0.686197
2019-05-21,3.91,0.691503
2019-05-22,3.9,0.689734
2019-05-23,3.87,0.684429
2019-05-24,3.86,0.68266
2019-05-27,3.89,0.687966
2019-05-28,3.92,0.693271
2019-05-29,3.87,0.684429
2019-05-30,3.88,0.686197
2019-05-31,3.84,0.679123
2019-06-03,3.89,0.687966
2019-06-04,3.9,0.689734
2019-06-05,3.92,0.693271
2019-06-06,3.92,0.693271
2019-06-10,3.94,0.696808
2019-06-11,3.97,0.702114
2019-06-12,3.98,0.703883
2019-06-13,3.96,0.700345
2019-06-14,3.94,0.696808
2019-06-17,3.96,0.700345
2019-06-18,3.97,0.702114
2019-06-19,4.0,0.70742
2019-06-20,4.04,0.714494
2019-06-21,4.03,0.712725
2019-06-24,4.05,0.716262
2019-06-25,4.02,0.710957
2019-06-26,3.83,0.677354
2019-06-27,3.83,0.677354
2019-06-28,3.81,0.673817
2019-07-01,3.85,0.680891
2019-07-02,3.85,0.680891
2019-07-03,3.87,0.684429
2019-07-04,3.87,0.684429
2019-07-05,3.86,0.68266
2019-07-08,3.79,0.67028
2019-07-09,3.77,0.666743
2019-07-10,3.78,0.668512
2019-07-11,3.77,0.666743
2019-07-12,3.8,0.672049
2019-07-15,3.8,0.672049
2019-07-16,3.8,0.672049
2019-07-17,3.78,0.668512
2019-07-18,3.76,0.664974
2019-07-19,3.78,0.668512
2019-07-22,3.79,0.67028
2019-07-23,3.8,0.672049
2019-07-24,3.81,0.673817
2019-07-25,3.85,0.680891
2019-07-26,3.87,0.684429
2019-07-29,3.94,0.696808
2019-07-30,3.95,0.698577
2019-07-31,3.93,0.69504
2019-08-01,3.92,0.693271
2019-08-02,3.86,0.68266
2019-08-05,3.79,0.67028
2019-08-06,3.73,0.659669
2019-08-07,3.7,0.654363
2019-08-08,3.76,0.664974
2019-08-09,3.77,0.666743
2019-08-12,3.77,0.666743
2019-08-13,3.73,0.659669
2019-08-14,3.79,0.67028
2019-08-15,3.79,0.67028
2019-08-16,3.77,0.666743
2019-08-19,3.75,0.663206
2019-08-20,3.72,0.6579
2019-08-21,3.74,0.661437
2019-08-22,3.72,0.6579
2019-08-23,3.71,0.656132
2019-08-26,3.67,0.649058
2019-08-27,3.67,0.649058
2019-08-28,3.69,0.652595
2019-08-29,3.75,0.660624
2019-08-30,3.76,0.662386
2019-09-02,3.78,0.665909
2019-09-03,3.76,0.662386
2019-09-04,3.84,0.676479
2019-09-05,3.94,0.694096
2019-09-06,3.97,0.699381
2019-09-09,3.96,0.697619
2019-09-10,3.95,0.695857
2019-09-11,3.95,0.695857
2019-09-12,3.99,0.702904
2019-09-16,3.97,0.699381
2019-09-17,3.95,0.695857
2019-09-18,3.97,0.699381
2019-09-19,3.98,0.701142
2019-09-20,3.96,0.697619
2019-09-23,3.92,0.690572
2019-09-24,3.9,0.687049
2019-09-25,3.93,0.692334
2019-09-26,4.09,0.720521
2019-09-27,4.02,0.708189
2019-09-30,3.94,0.694096
2019-10-08,4.09,0.720521
2019-10-09,4.23,0.745184
2019-10-10,4.26,0.750469
2019-10-11,4.31,0.759277
2019-10-14,4.6,0.810365
2019-10-15,4.62,0.813889
2019-10-16,4.55,0.801557
2019-10-17,4.49,0.790987
2019-10-18,4.41,0.776894
2019-10-21,4.48,0.789226
2019-10-22,4.46,0.785702
2019-10-23,4.46,0.785702
2019-10-24,4.5,0.792749
2019-10-25,4.48,0.789226
2019-10-28,4.46,0.785702
2019-10-29,4.46,0.785702
2019-10-30,4.5,0.792749
2019-10-31,4.34,0.736749
2019-11-01,4.5,0.763911
2019-11-04,4.54,0.770701
2019-11-05,4.67,0.792769
2019-11-06,4.56,0.774096
2019-11-07,4.5,0.763911
2019-11-08,4.46,0.75712
2019-11-11,4.34,0.736749
2019-11-12,4.33,0.735052
2019-11-13,4.33,0.735052
2019-11-14,4.3,0.729959
2019-11-15,4.25,0.721471
2019-11-18,4.36,0.740145
2019-11-19,4.33,0.735052
2019-11-20,4.22,0.716378
2019-11-21,4.21,0.714681
2019-11-22,4.18,0.709588
2019-11-25,4.26,0.723169
2019-11-26,4.23,0.718076
2019-11-27,4.2,0.712983
2019-11-28,4.18,0.709588
2019-11-29,4.13,0.7011
2019-12-02,4.19,0.711286
2019-12-03,4.19,0.711286
2019-12-04,4.15,0.704495
2019-12-05,4.21,0.714681
2019-12-06,4.19,0.711286
2019-12-09,4.17,0.707891
2019-12-10,4.16,0.706193
2019-12-11,4.32,0.733354
2019-12-12,4.31,0.731657
2019-12-13,4.41,0.748632
2019-12-16,4.39,0.745237
2019-12-17,4.49,0.762213
2019-12-18,4.48,0.760515
2019-12-19,4.48,0.760515
2019-12-20,4.43,0.752028
2019-12-23,4.39,0.745237
2019-12-24,4.38,0.74354
2019-12-25,4.37,0.741842
2019-12-26,4.43,0.752028
2019-12-27,4.44,0.753725
2019-12-30,4.39,0.745237
2019-12-31,4.41,0.748632
2020-01-02,4.45,0.755423
2020-01-03,4.42,0.75033
2020-01-06,4.36,0.740145
2020-01-07,4.4,0.746935
2020-01-08,4.33,0.735052
2020-01-09,4.31,0.731657
2020-01-10,4.28,0.726564
2020-01-13,4.28,0.726564
2020-01-14,4.29,0.728262
2020-01-15,4.23,0.718076
2020-01-16,4.18,0.709588
2020-01-17,4.18,0.709588
2020-01-20,4.2,0.712983
2020-01-21,4.13,0.7011
2020-01-22,4.17,0.707891
2020-01-23,4.02,0.682427
2020-02-03,3.73,0.633197
2020-02-04,3.8,0.64508
2020-02-05,3.79,0.643383
2020-02-06,3.81,0.646778
2020-02-07,3.79,0.643383
2020-02-10,3.78,0.641685
2020-02-11,3.88,0.658661
2020-02-12,3.89,0.660358
2020-02-13,3.86,0.655266
2020-02-14,3.89,0.660358
2020-02-17,3.96,0.672241
2020-02-18,3.92,0.665451
2020-02-19,3.9,0.665451
2020-02-20,3.95,0.670544
2020-02-21,3.93,0.667149
2020-02-24,3.89,0.660358
2020-02-25,3.85,0.653568
2020-02-26,3.86,0.655266
2020-02-27,3.88,0.658661
2020-02-28,3.78,0.641685
2020-03-02,3.86,0.655266
2020-03-03,3.87,0.656963
2020-03-04,3.87,0.656963
2020-03-05,3.97,0.673939
2020-03-06,3.9,0.662056
2020-03-09,3.82,0.648475
2020-03-10,3.87,0.656963
2020-03-11,3.82,0.648475
2020-03-12,3.81,0.646778
2020-03-13,3.77,0.639988
2020-03-16,3.67,0.623012
2020-03-17,3.7,0.628104
2020-03-18,3.63,0.616221
2020-03-19,3.52,0.597548
2020-03-20,3.57,0.606036
2020-03-23,3.5,0.594153
2020-03-24,3.57,0.606036
2020-03-25,3.64,0.617919
2020-03-26,3.67,0.623012
2020-03-27,3.67,0.623012
2020-03-30,3.69,0.615041
2020-03-31,3.61,0.601707
2020-04-01,3.6,0.60004
2020-04-02,3.62,0.603374
2020-04-03,3.59,0.598373
2020-04-07,3.62,0.603374
2020-04-08,3.6,0.60004
2020-04-09,3.59,0.598373
2020-04-10,3.58,0.596706
2020-04-13,3.62,0.603374
2020-04-14,3.63,0.60504
2020-04-15,3.6,0.60004
2020-04-16,3.61,0.601707
2020-04-17,3.61,0.601707
2020-04-20,3.59,0.598373
2020-04-21,3.56,0.593373
2020-04-22,3.6,0.60004
2020-04-23,3.56,0.593373
2020-04-24,3.54,0.590039
2020-04-27,3.59,0.598373
2020-04-28,3.63,0.60504
2020-04-29,3.73,0.598671
2020-04-30,3.73,0.598671
2020-05-06,3.69,0.592251
2020-05-07,3.66,0.587436
2020-05-08,3.69,0.592251
2020-05-11,3.7,0.593856
2020-05-12,3.7,0.593856
2020-05-13,3.68,0.590646
2020-05-14,3.65,0.585831
2020-05-15,3.64,0.584226
2020-05-18,3.66,0.587436
2020-05-19,3.71,0.595461
2020-05-20,3.7,0.593856
2020-05-21,3.67,0.589041
2020-05-22,3.64,0.584226
2020-05-25,3.69,0.592251
2020-05-26,3.69,0.592251
2020-05-27,3.79,0.608301
2020-05-28,3.81,0.611511
2020-05-29,3.81,0.611511
2020-06-01,3.84,0.616326
2020-06-02,3.88,0.622746
2020-06-03,3.86,0.619536
2020-06-04,3.85,0.617931
2020-06-05,3.85,0.617931
2020-06-08,3.81,0.611511
2020-06-09,3.83,0.614721
2020-06-10,3.79,0.608301
2020-06-11,3.76,0.603486
2020-06-12,3.75,0.601881
2020-06-15,3.7,0.593856
2020-06-16,3.74,0.600276
2020-06-17,3.77,0.605091
2020-06-18,3.75,0.601881
2020-06-19,3.81,0.611511
2020-06-22,3.81,0.611511
2020-06-23,3.78,0.606696
2020-06-24,3.59,0.576201
2020-06-29,3.58,0.574596
2020-06-30,3.58,0.574596
2020-07-01,3.84,0.616326
2020-07-02,3.92,0.629166
2020-07-03,4.02,0.645217
2020-07-06,4.42,0.709417
2020-07-07,4.44,0.712627
2020-07-08,4.47,0.717442
2020-07-09,4.39,0.704602
2020-07-10,4.16,0.667687
2020-07-13,4.14,0.664477
2020-07-14,4.07,0.653242
2020-07-15,3.97,0.637192
2020-07-16,3.92,0.629166
2020-07-17,3.87,0.621141
2020-07-20,4.04,0.648427
2020-07-21,3.98,0.638797
2020-07-22,3.96,0.635586
2020-07-23,3.88,0.622746
2020-07-24,3.78,0.606696
2020-07-27,3.75,0.601881
2020-07-28,3.77,0.605091
2020-07-29,3.83,0.614721
2020-07-30,3.77,0.605091
2020-07-31,3.78,0.606696
2020-08-03,3.82,0.613116
2020-08-04,3.92,0.629166
2020-08-05,3.86,0.619536
2020-08-06,3.89,0.624351
2020-08-07,3.82,0.613116
2020-08-10,3.85,0.617931
2020-08-11,3.85,0.617931
2020-08-12,3.87,0.621141
2020-08-13,3.86,0.619536
2020-08-14,3.93,0.630772
2020-08-17,4.1,0.658057
2020-08-18,4.02,0.645217
2020-08-19,3.95,0.633982
2020-08-20,3.9,0.625956
2020-08-21,3.9,0.625956
2020-08-24,3.86,0.619536
2020-08-25,3.87,0.621141
2020-08-26,3.83,0.614721
2020-08-27,3.83,0.614721
2020-08-28,3.88,0.622746
2020-08-31,3.84,0.62939
2020-09-01,3.84,0.62939
2020-09-02,3.81,0.624473
2020-09-03,3.79,0.621195
2020-09-04,3.77,0.617917
2020-09-07,3.75,0.614639
2020-09-08,3.8,0.622834
2020-09-09,3.78,0.619556
2020-09-10,3.75,0.614639
2020-09-11,3.72,0.609722
2020-09-14,3.72,0.609722
2020-09-15,3.7,0.606444
2020-09-16,3.71,0.608083
2020-09-17,3.68,0.603166
2020-09-18,3.77,0.617917
2020-09-21,3.74,0.613
2020-09-22,3.71,0.608083
2020-09-23,3.68,0.603166
2020-09-24,3.62,0.593331
2020-09-25,3.62,0.593331
2020-09-28,3.63,0.59497
2020-09-29,3.6,0.590053
2020-09-30,3.65,0.598248
2020-10-09,3.66,0.599888
2020-10-12,3.86,0.632668
2020-10-13,3.95,0.64742
2020-10-14,3.97,0.650698
2020-10-15,3.98,0.652337
2020-10-16,4.06,0.665449
2020-10-19,4.05,0.66381
2020-10-20,4.02,0.658893
2020-10-21,4.14,0.678561
2020-10-22,4.12,0.675283
2020-10-23,4.16,0.681839
2020-10-26,4.02,0.658893
2020-10-27,4.01,0.657254
2020-10-28,3.93,0.644142
2020-10-29,3.9,0.639224
2020-10-30,3.92,0.642502
2020-11-02,3.88,0.618747
2020-11-03,3.98,0.634694
2020-11-04,4.02,0.641073
2020-11-05,4.05,0.664837
2020-11-06,4.06,0.666479
2020-11-09,4.08,0.669762
2020-11-10,4.07,0.66812
2020-11-11,4.18,0.686178
2020-11-12,4.15,0.681253
2020-11-13,4.0,0.656629
2020-11-16,4.01,0.658271
2020-11-17,4.05,0.664837
2020-11-18,4.24,0.696027
2020-11-19,4.33,0.710801
2020-11-20,4.19,0.687819
2020-11-23,4.4,0.722292
2020-11-24,4.38,0.719009
2020-11-25,4.34,0.712443
2020-11-26,4.45,0.7305
2020-11-27,4.5,0.738708
2020-11-30,4.34,0.712443
2020-12-01,4.43,0.727217
2020-12-02,4.35,0.714084
2020-12-03,4.32,0.70916
2020-12-04,4.31,0.707518
2020-12-07,4.19,0.687819
2020-12-08,4.12,0.676328
2020-12-09,4.1,0.673045
2020-12-10,4.06,0.666479
2020-12-11,4.03,0.661554
2020-12-14,4.05,0.664837
2020-12-15,3.97,0.651705
2020-12-16,4.04,0.663196
2020-12-17,4.06,0.666479
2020-12-18,3.99,0.654988
2020-12-21,3.97,0.651705
2020-12-22,3.88,0.636931
2020-12-23,3.94,0.64678
2020-12-24,3.9,0.640214
2020-12-25,3.87,0.635289
2020-12-28,3.91,0.641855
2020-12-29,3.92,0.643497
2020-12-30,3.95,0.648422
2020-12-31,3.99,0.654988
2021-01-04,3.89,0.638572
2021-01-05,3.86,0.633647
2021-01-06,3.92,0.643497
2021-01-07,3.94,0.64678
2021-01-08,3.92,0.643497
2021-01-11,3.94,0.64678
2021-01-12,3.98,0.653346
2021-01-13,3.98,0.653346
2021-01-14,3.97,0.651705
2021-01-15,4.08,0.669762
2021-01-18,4.16,0.682895
2021-01-19,4.21,0.691103
2021-01-20,4.11,0.674687
2021-01-21,4.23,0.694386
2021-01-22,4.07,0.668121
2021-01-25,4.1,0.673045
2021-01-26,4.09,0.671404
2021-01-27,4.11,0.674687
2021-01-28,4.04,0.663196
2021-01-29,4.05,0.664837
2021-02-01,4.11,0.674687
2021-02-02,3.99,0.654988
2021-02-03,3.99,0.654988
2021-02-04,3.98,0.653346
2021-02-05,4.36,0.715726
2021-02-08,4.24,0.696027
2021-02-09,4.21,0.691103
2021-02-10,4.15,0.681253
2021-02-18,4.23,0.694386
2021-02-19,4.26,0.69931
2021-02-22,4.23,0.694386
2021-02-23,4.22,0.692744
2021-02-24,4.13,0.67797
2021-02-25,4.22,0.692744
2021-02-26,4.1,0.673045
2021-03-01,4.04,0.663196
2021-03-02,4.02,0.659913
2021-03-03,4.14,0.679612
2021-03-04,4.15,0.681253
2021-03-05,4.14,0.679612
2021-03-08,4.12,0.676328
2021-03-09,4.07,0.668121
2021-03-10,4.03,0.661554
2021-03-11,4.11,0.674687
2021-03-12,4.23,0.694386
2021-03-15,4.26,0.69931
2021-03-16,4.26,0.69931
2021-03-17,4.22,0.692744
2021-03-18,4.19,0.687819
2021-03-19,4.08,0.669762
2021-03-22,4.13,0.67797
2021-03-23,4.11,0.674687
2021-03-24,4.08,0.669762
2021-03-25,4.05,0.664837
2021-03-26,4.07,0.668121
2021-03-29,4.08,0.640123
2021-03-30,4.09,0.641692
2021-03-31,4.08,0.640123
2021-04-01,4.07,0.638555
2021-04-02,4.02,0.63071
2021-04-06,4.02,0.63071
2021-04-07,4.0,0.627572
2021-04-08,3.99,0.626003
2021-04-09,3.96,0.621296
2021-04-12,3.96,0.621296
2021-04-13,3.97,0.622865
2021-04-14,3.92,0.615021
2021-04-15,3.89,0.610314
2021-04-16,3.91,0.613452
2021-04-19,3.94,0.618158
2021-04-20,3.92,0.615021
2021-04-21,3.91,0.613452
2021-04-22,3.88,0.608745
2021-04-23,3.89,0.610314
2021-04-26,3.85,0.604038
2021-04-27,3.82,0.599331
2021-04-28,3.82,0.599331
2021-04-29,3.84,0.586369
2021-04-30,3.78,0.577207
2021-05-06,3.77,0.57568
2021-05-07,3.79,0.578734
2021-05-10,3.76,0.574153
2021-05-11,3.79,0.578734
2021-05-12,3.85,0.587896
2021-05-13,3.85,0.587896
2021-05-14,3.88,0.592477
2021-05-17,3.87,0.59095
2021-05-18,3.84,0.586369
2021-05-19,3.84,0.586369
2021-05-20,3.86,0.589423
2021-05-21,3.82,0.583315
2021-05-24,3.8,0.580261
2021-05-25,3.89,0.594004
2021-05-26,3.87,0.59095
2021-05-27,3.87,0.59095
2021-05-28,3.86,0.589423
2021-05-31,3.83,0.584842
2021-06-01,3.81,0.581788
2021-06-02,3.8,0.580261
2021-06-03,3.79,0.578734
2021-06-04,3.8,0.580261
2021-06-07,3.85,0.587896
2021-06-08,3.87,0.59095
2021-06-09,3.83,0.584842
2021-06-10,3.82,0.583315
2021-06-11,3.83,0.584842
2021-06-15,3.79,0.578734
2021-06-16,3.8,0.580261
2021-06-17,3.8,0.580261
2021-06-18,3.81,0.581788
2021-06-21,3.79,0.578734
2021-06-22,3.79,0.578734
2021-06-23,3.78,0.577207
2021-06-24,3.79,0.578734
2021-06-25,3.81,0.581788
2021-06-28,3.79,0.578734
2021-06-29,3.77,0.57568
2021-06-30,3.78,0.577207
2021-07-01,3.78,0.577207
2021-07-02,3.76,0.574153
2021-07-05,3.71,0.566518
2021-07-06,3.71,0.566518
2021-07-07,3.7,0.564991
2021-07-08,3.66,0.558883
2021-07-09,3.62,0.552775
2021-07-12,3.62,0.552775
2021-07-13,3.65,0.557356
2021-07-14,3.61,0.551248
2021-07-15,3.65,0.557356
2021-07-16,3.65,0.557356
2021-07-19,3.65,0.557356
2021-07-20,3.65,0.557356
2021-07-21,3.43,0.523762
2021-07-22,3.45,0.526816
2021-07-23,3.44,0.525289
2021-07-26,3.39,0.517654
2021-07-27,3.33,0.508492
2021-07-28,3.34,0.510019
2021-07-29,3.31,0.505438
2021-07-30,3.3,0.503911
2021-08-02,3.33,0.508492
2021-08-03,3.32,0.506965
2021-08-04,3.29,0.502384
2021-08-05,3.29,0.502384
2021-08-06,3.3,0.503911
2021-08-09,3.34,0.510019
2021-08-10,3.37,0.5146
2021-08-11,3.4,0.519181
2021-08-12,3.37,0.5146
2021-08-13,3.35,0.511546
2021-08-16,3.39,0.517654
2021-08-17,3.37,0.5146
2021-08-18,3.42,0.522235
2021-08-19,3.39,0.517654
2021-08-20,3.37,0.5146
2021-08-23,3.36,0.513073
2021-08-24,3.36,0.513073
2021-08-25,3.33,0.508492
2021-08-26,3.31,0.505438
2021-08-27,3.31,0.505438
2021-08-30,3.28,0.500857
2021-08-31,3.35,0.512076
2021-09-01,3.43,0.524304
2021-09-02,3.47,0.530419
2021-09-03,3.49,0.533476
2021-09-06,3.48,0.531947
2021-09-07,3.52,0.538061
2021-09-08,3.55,0.542647
2021-09-09,3.54,0.541119
2021-09-10,3.56,0.544176
2021-09-13,3.56,0.544176
2021-09-14,3.48,0.531947
2021-09-15,3.45,0.527361
2021-09-16,3.42,0.522776
2021-09-17,3.4,0.519718
2021-09-22,3.35,0.512076
2021-09-23,3.37,0.515133
2021-09-24,3.36,0.513604
2021-09-27,3.33,0.509018
2021-09-28,3.39,0.51819
2021-09-29,3.4,0.519718
2021-09-30,3.39,0.51819
2021-10-08,3.45,0.527361
2021-10-11,3.48,0.531947
2021-10-12,3.47,0.530419
2021-10-13,3.43,0.524304
2021-10-14,3.4,0.519718
2021-10-15,3.44,0.525833
2021-10-18,3.44,0.525833
2021-10-19,3.45,0.527361
2021-10-20,3.45,0.527361
2021-10-21,3.49,0.533476
2021-10-22,3.48,0.531947
2021-10-25,3.48,0.531947
2021-10-26,3.46,0.52889
2021-10-27,3.46,0.52889
2021-10-28,3.44,0.525833
2021-10-29,3.44,0.509124
2021-11-01,3.47,0.513564
2021-11-02,3.38,0.500243
2021-11-03,3.36,0.497283
2021-11-04,3.34,0.494323
2021-11-05,3.33,0.492843
2021-11-08,3.33,0.492843
2021-11-09,3.32,0.491363
2021-11-10,3.31,0.489883
2021-11-11,3.36,0.497283
2021-11-12,3.34,0.494323
2021-11-15,3.37,0.498763
2021-11-16,3.36,0.497283
2021-11-17,3.34,0.494323
2021-11-18,3.33,0.492843
2021-11-19,3.36,0.497283
2021-11-22,3.34,0.494323
2021-11-23,3.35,0.495803
2021-11-24,3.36,0.497283
2021-11-25,3.36,0.497283
2021-11-26,3.35,0.495803
2021-11-29,3.34,0.494323
2021-11-30,3.35,0.495803
2021-12-01,3.4,0.503203
2021-12-02,3.39,0.501723
2021-12-03,3.41,0.504683
2021-12-06,3.39,0.501723
2021-12-07,3.41,0.504683
2021-12-08,3.4,0.503203
2021-12-09,3.41,0.504683
2021-12-10,3.39,0.501723
2021-12-13,3.36,0.497283
2021-12-14,3.32,0.491363
2021-12-15,3.32,0.491363
2021-12-16,3.33,0.492843
2021-12-17,3.32,0.491363
2021-12-20,3.31,0.489883
2021-12-21,3.34,0.494323
2021-12-22,3.32,0.491363
2021-12-23,3.33,0.492843
2021-12-24,3.32,0.491363
2021-12-27,3.33,0.492843
2021-12-28,3.33,0.492843
2021-12-29,3.32,0.491363
2021-12-30,3.32,0.491363
2021-12-31,3.32,0.491363
2022-01-04,3.33,0.492843
2022-01-05,3.36,0.497283
2022-01-06,3.34,0.494323
2022-01-07,3.39,0.501723
2022-01-10,3.41,0.504683
2022-01-11,3.42,0.506164
2022-01-12,3.41,0.504683
2022-01-13,3.44,0.509124
2022-01-14,3.4,0.503203
2022-01-17,3.38,0.500243
2022-01-18,3.42,0.506164
2022-01-19,3.44,0.509124
2022-01-20,3.45,0.510604
2022-01-21,3.42,0.506164
2022-01-24,3.41,0.504683
2022-01-25,3.35,0.495803
2022-01-26,3.36,0.497283
2022-01-27,3.35,0.495803
2022-01-28,3.34,0.494323
2022-02-07,3.4,0.503203
2022-02-08,3.47,0.513564
2022-02-09,3.46,0.512084
2022-02-10,3.48,0.515044
2022-02-11,3.48,0.515044
2022-02-14,3.44,0.509124
2022-02-15,3.42,0.506164
2022-02-16,3.44,0.509124
2022-02-17,3.44,0.509124
2022-02-18,3.44,0.509124
2022-02-21,3.44,0.509124
2022-02-22,3.41,0.504683
2022-02-23,3.39,0.501723
2022-02-24,3.35,0.495803
2022-02-25,3.34,0.494323
2022-02-28,3.34,0.494323
2022-03-01,3.36,0.497283
2022-03-02,3.36,0.497283
2022-03-03,3.38,0.500243
2022-03-04,3.39,0.501723
2022-03-07,3.34,0.494323
2022-03-08,3.3,0.488403
2022-03-09,3.25,0.481003
2022-03-10,3.26,0.482483
2022-03-11,3.28,0.485443
2022-03-14,3.25,0.481003
2022-03-15,3.11,0.460283
2022-03-16,3.15,0.466203
2022-03-17,3.16,0.467683
2022-03-18,3.21,0.475083
2022-03-21,3.19,0.472123
2022-03-22,3.23,0.478043
2022-03-23,3.21,0.475083
2022-03-24,3.2,0.473603
2022-03-25,3.22,0.476563
2022-03-28,3.24,0.468802
2022-03-29,3.23,0.467355
2022-03-30,3.26,0.471696
2022-03-31,3.3,0.477484
2022-04-01,3.34,0.483271
2022-04-06,3.41,0.4934
2022-04-07,3.35,0.484718
2022-04-08,3.38,0.489059
2022-04-11,3.33,0.481825
2022-04-12,3.35,0.484718
2022-04-13,3.34,0.483271
2022-04-14,3.34,0.483271
2022-04-15,3.35,0.484718
2022-04-18,3.28,0.47459
2022-04-19,3.29,0.476037
2022-04-20,3.28,0.47459
2022-04-21,3.26,0.471696
2022-04-22,3.3,0.477484
2022-04-25,3.24,0.468802
2022-04-26,3.23,0.467355
2022-04-27,3.22,0.465908
2022-04-28,3.19,0.452072
2022-04-29,3.19,0.452072
2022-05-05,3.17,0.449237
2022-05-06,3.11,0.440734
2022-05-09,3.11,0.440734
2022-05-10,3.12,0.442152
2022-05-11,3.12,0.442152
2022-05-12,3.11,0.440734
2022-05-13,3.14,0.444986
2022-05-16,3.12,0.442152
2022-05-17,3.13,0.443569
2022-05-18,3.12,0.442152
2022-05-19,3.11,0.440734
2022-05-20,3.13,0.443569
2022-05-23,3.14,0.444986
2022-05-24,3.12,0.442152
2022-05-25,3.12,0.442152
2022-05-26,3.13,0.443569
2022-05-27,3.13,0.443569
2022-05-30,3.11,0.440734
2022-05-31,3.12,0.442152
2022-06-01,3.1,0.439317
2022-06-02,3.11,0.440734
2022-06-06,3.11,0.440734
2022-06-07,3.11,0.440734
2022-06-08,3.12,0.442152
2022-06-09,3.14,0.444986
2022-06-10,3.15,0.446403
2022-06-13,3.13,0.443569
2022-06-14,3.19,0.452072
2022-06-15,3.23,0.45774
2022-06-16,3.17,0.449237
2022-06-17,3.18,0.450655
2022-06-20,3.16,0.44782
2022-06-21,3.19,0.452072
2022-06-22,3.18,0.450655
2022-06-23,3.21,0.454906
2022-06-24,3.21,0.454906
2022-06-27,3.21,0.454906
2022-06-28,3.19,0.452072
2022-06-29,3.02,0.42798
2022-06-30,3.01,0.426563
2022-07-01,3.01,0.426563
2022-07-04,3.0,0.425146
2022-07-05,3.0,0.425146
2022-07-06,2.97,0.420894
2022-07-07,2.96,0.419477
2022-07-08,2.96,0.419477
2022-07-11,2.98,0.422312
2022-07-12,2.99,0.423729
2022-07-13,2.95,0.41806
2022-07-14,2.92,0.413809
2022-07-15,2.9,0.410974
2022-07-18,2.92,0.413809
2022-07-19,2.93,0.415226
2022-07-20,2.93,0.415226
2022-07-21,2.91,0.412391
2022-07-22,2.91,0.412391
2022-07-25,2.91,0.412391
2022-07-26,2.92,0.413809
2022-07-27,2.91,0.412391
2022-07-28,2.91,0.412391
2022-07-29,2.9,0.410974
2022-08-01,2.88,0.40814
2022-08-02,2.84,0.402471
2022-08-03,2.83,0.401054
2022-08-04,2.83,0.401054
2022-08-05,2.84,0.402471
2022-08-08,2.83,0.401054
2022-08-09,2.83,0.401054
2022-08-10,2.82,0.399637
2022-08-11,2.86,0.405306
2022-08-12,2.87,0.406723
2022-08-15,2.85,0.403889
2022-08-16,2.84,0.402471
2022-08-17,2.86,0.405306
2022-08-18,2.84,0.402471
2022-08-19,2.84,0.402471
2022-08-22,2.85,0.403889
2022-08-23,2.83,0.401054
2022-08-24,2.82,0.399637
2022-08-25,2.83,0.401054
2022-08-26,2.83,0.401054
2022-08-29,2.83,0.400847
2022-08-30,2.85,0.40368
2022-08-31,2.87,0.406513
2022-09-01,2.88,0.407929
2022-09-02,2.87,0.406513
2022-09-05,2.89,0.409346
2022-09-06,2.89,0.409346
2022-09-07,2.87,0.406513
2022-09-08,2.88,0.407929
2022-09-09,2.89,0.409346
2022-09-13,2.91,0.412179
2022-09-14,2.88,0.407929
2022-09-15,2.9,0.410762
2022-09-16,2.86,0.405096
2022-09-19,2.87,0.406513
2022-09-20,2.84,0.402264
2022-09-21,2.85,0.40368
2022-09-22,2.86,0.405096
2022-09-23,2.88,0.407929
2022-09-26,2.83,0.400847
2022-09-27,2.84,0.402264
2022-09-28,2.83,0.400847
2022-09-29,2.81,0.398014
2022-09-30,2.82,0.399431
2022-10-10,2.81,0.398014
2022-10-11,2.82,0.399431
2022-10-12,2.82,0.399431
2022-10-13,2.81,0.398014
2022-10-14,2.82,0.399431
2022-10-17,2.81,0.398014
2022-10-18,2.81,0.398014
2022-10-19,2.8,0.396598
2022-10-20,2.81,0.398014
2022-10-21,2.82,0.399431
2022-10-24,2.79,0.395181
2022-10-25,2.76,0.390932
2022-10-26,2.76,0.390932
2022-10-27,2.75,0.389516
2022-10-28,2.74,0.388099
2022-10-31,2.72,0.374085
2022-11-01,2.75,0.378211
2022-11-02,2.76,0.379586
2022-11-03,2.75,0.378211
2022-11-04,2.78,0.382337
2022-11-07,2.78,0.382337
2022-11-08,2.79,0.383712
2022-11-09,2.79,0.383712
2022-11-10,2.79,0.383712
2022-11-11,2.84,0.390589
2022-11-14,2.86,0.39334
2022-11-15,2.87,0.394715
2022-11-16,2.87,0.394715
2022-11-17,2.84,0.390589
2022-11-18,2.82,0.387838
2022-11-21,2.82,0.387838
2022-11-22,2.88,0.39609
2022-11-23,2.91,0.400216
2022-11-24,2.91,0.400216
2022-11-25,2.96,0.407093
2022-11-28,2.92,0.401591
2022-11-29,3.0,0.412594
2022-11-30,2.99,0.411219
2022-12-01,2.98,0.409843
2022-12-02,2.95,0.405717
2022-12-05,3.02,0.415345
2022-12-06,3.08,0.423596
2022-12-07,3.08,0.423596
2022-12-08,3.11,0.427722
2022-12-09,3.12,0.429098
2022-12-12,3.13,0.430473
2022-12-13,3.12,0.429098
2022-12-14,3.1,0.426347
2022-12-15,3.09,0.424972
2022-12-16,3.19,0.438725
2022-12-19,3.1,0.426347
2022-12-20,3.04,0.418095
2022-12-21,3.05,0.419471
2022-12-22,3.04,0.418095
2022-12-23,3.01,0.413969
2022-12-26,2.99,0.411219
2022-12-27,3.06,0.420846
2022-12-28,3.06,0.420846
2022-12-29,3.04,0.418095
2022-12-30,3.07,0.422221
2023-01-03,3.04,0.418095
2023-01-04,3.11,0.427723
2023-01-05,3.1,0.426347
2023-01-06,3.08,0.423597
2023-01-09,3.08,0.423597
2023-01-10,3.05,0.419471
2023-01-11,3.05,0.419471
2023-01-12,3.06,0.420846
2023-01-13,3.09,0.424972
2023-01-16,3.07,0.422222
2023-01-17,3.06,0.420846
2023-01-18,3.09,0.424972
2023-01-19,3.09,0.424972
2023-01-20,3.1,0.426347
2023-01-30,3.08,0.423597
2023-01-31,3.07,0.422222
2023-02-01,3.06,0.420846
2023-02-02,3.05,0.419471
2023-02-03,3.03,0.41672
2023-02-06,3.01,0.41397
2023-02-07,3.02,0.415345
2023-02-08,3.0,0.412594
2023-02-09,3.01,0.41397
2023-02-10,3.01,0.41397
2023-02-13,2.99,0.411219
2023-02-14,2.99,0.411219
2023-02-15,2.98,0.409844
2023-02-16,2.98,0.409844
2023-02-17,2.95,0.405718
2023-02-20,3.0,0.412594
2023-02-21,3.01,0.41397
2023-02-22,2.99,0.411219
2023-02-23,2.99,0.411219
2023-02-24,2.97,0.408468
2023-02-27,2.96,0.407093
2023-02-28,2.98,0.409844
2023-03-01,3.0,0.412594
2023-03-02,3.02,0.415345
2023-03-03,3.05,0.419472
2023-03-06,3.04,0.418097
2023-03-07,3.08,0.423598
2023-03-08,3.07,0.422223
2023-03-09,3.09,0.424973
2023-03-10,3.03,0.416721
2023-03-13,3.06,0.420847
2023-03-14,3.04,0.418097
2023-03-15,3.08,0.423598
2023-03-16,3.09,0.424973
2023-03-17,3.12,0.429099
2023-03-20,3.1,0.466223
2023-03-21,3.1,0.466223
2023-03-22,3.1,0.466223
2023-03-23,3.18,0.478255
2023-03-24,3.15,0.473743
2023-03-27,3.02,0.447415
2023-03-28,3.03,0.448896
2023-03-29,3.03,0.448896
2023-03-30,3.02,0.447415
2023-03-31,3.01,0.445933
2023-04-03,3.01,0.445933
2023-04-04,3.04,0.450378
2023-04-06,3.04,0.450378
2023-04-07,3.04,0.450378
2023-04-10,3.03,0.448896
2023-04-11,3.04,0.450378
2023-04-12,3.06,0.453341
2023-04-13,3.08,0.456304
2023-04-14,3.09,0.457785
2023-04-17,3.15,0.466674
2023-04-18,3.17,0.469637
2023-04-19,3.18,0.471119
2023-04-20,3.19,0.4726
2023-04-21,3.16,0.468156
2023-04-24,3.17,0.469637
2023-04-25,3.19,0.4726
2023-04-26,3.16,0.468156
2023-04-27,3.18,0.471119
2023-04-28,3.2,0.474082
2023-05-04,3.32,0.454857
2023-05-05,3.39,0.464448
2023-05-08,3.55,0.486368
2023-05-09,3.58,0.490479
2023-05-10,3.41,0.467188
2023-05-11,3.37,0.461708
2023-05-12,3.33,0.456227
2023-05-15,3.34,0.457597
2023-05-16,3.36,0.460338
2023-05-17,3.33,0.456227
2023-05-18,3.38,0.463078
2023-05-19,3.29,0.450747
2023-05-22,3.26,0.446637
2023-05-23,3.19,0.437047
2023-05-24,3.1,0.424716
2023-05-25,3.11,0.426086
2023-05-26,3.15,0.431566
2023-05-29,3.19,0.437047
2023-05-30,3.15,0.431566
2023-05-31,3.15,0.431566
2023-06-01,3.15,0.431566
2023-06-02,3.15,0.431566
2023-06-05,3.2,0.438417
2023-06-06,3.18,0.435677
2023-06-07,3.2,0.438417
2023-06-08,3.31,0.453487
2023-06-09,3.29,0.450747
2023-06-12,3.17,0.434307
2023-06-13,3.15,0.431566
2023-06-14,3.11,0.426086
2023-06-15,3.13,0.428826
2023-06-16,3.11,0.426086
2023-06-19,3.05,0.417866
2023-06-20,3.05,0.417866
2023-06-21,3.04,0.416496
2023-06-26,3.01,0.412386
2023-06-27,3.05,0.417866
2023-06-28,3.05,0.417866
2023-06-29,3.07,0.420606
2023-06-30,3.07,0.420606
2023-07-03,3.11,0.426086
2023-07-04,3.07,0.420606
2023-07-05,3.06,0.419236
2023-07-06,3.04,0.416496
2023-07-07,3.06,0.419236
2023-07-10,3.05,0.417866
2023-07-11,3.08,0.421976
2023-07-12,3.06,0.419236
2023-07-13,3.11,0.426086
2023-07-14,3.11,0.426086
2023-07-17,3.11,0.426086
2023-07-18,3.11,0.426086
2023-07-19,2.94,0.402795
2023-07-20,2.95,0.404165
2023-07-21,2.94,0.402795
2023-07-24,2.96,0.405535
2023-07-25,2.99,0.409646
2023-07-26,3.01,0.412386
2023-07-27,3.03,0.415126
2023-07-28,3.09,0.423346
2023-07-31,3.12,0.427456
2023-08-01,3.12,0.427456
2023-08-02,3.08,0.421976
2023-08-03,3.11,0.426086
2023-08-04,3.12,0.427456
2023-08-07,3.09,0.423346
2023-08-08,3.08,0.421976
2023-08-09,3.08,0.421976
2023-08-10,3.09,0.423346
2023-08-11,3.04,0.416496
2023-08-14,3.02,0.413756
2023-08-15,3.06,0.419236
2023-08-16,3.07,0.420606
2023-08-17,3.04,0.416496
2023-08-18,3.06,0.419236
2023-08-21,3.02,0.413756
2023-08-22,3.08,0.421976
2023-08-23,3.08,0.421976
2023-08-24,3.03,0.415126
2023-08-25,3.06,0.417075
2023-08-28,3.08,0.419801
2023-08-29,3.04,0.414349
2023-08-30,3.01,0.41026
2023-08-31,3.01,0.41026
2023-09-01,3.01,0.41026
2023-09-04,3.06,0.417075
2023-09-05,3.04,0.414349
2023-09-06,3.05,0.415712
2023-09-07,3.03,0.412986
2023-09-08,3.02,0.411623
2023-09-11,3.05,0.415712
2023-09-12,3.06,0.417075
2023-09-13,3.05,0.415712
2023-09-14,3.09,0.421164
2023-09-15,3.07,0.418438
2023-09-18,3.07,0.418438
2023-09-19,3.09,0.421164
2023-09-20,3.1,0.422527
2023-09-21,3.08,0.419801
2023-09-22,3.09,0.421164
2023-09-25,3.11,0.42389
2023-09-26,3.1,0.422527
2023-09-27,3.08,0.419801
2023-09-28,3.07,0.418438
2023-10-09,3.07,0.418438
2023-10-10,3.04,0.414349
2023-10-11,3.04,0.414349
2023-10-12,3.11,0.42389
2023-10-13,3.12,0.425253
2023-10-16,3.11,0.42389
2023-10-17,3.11,0.42389
2023-10-18,3.09,0.421164
2023-10-19,3.03,0.412986
2023-10-20,3.02,0.411623
2023-10-23,2.99,0.407535
2023-10-24,2.95,0.402083
2023-10-25,2.97,0.404809
2023-10-26,2.99,0.407535
2023-10-27,3.0,0.408897
2023-10-30,2.95,0.402083
2023-10-31,2.97,0.395968
2023-11-01,2.96,0.394635
2023-11-02,2.98,0.397302
2023-11-03,2.96,0.394635
2023-11-06,2.97,0.395968
2023-11-07,2.96,0.394635
2023-11-08,2.97,0.395968
2023-11-09,2.97,0.395968
2023-11-10,2.95,0.393302
2023-11-13,2.93,0.390635
2023-11-14,2.94,0.391969
2023-11-15,2.94,0.391969
2023-11-16,2.94,0.391969
2023-11-17,2.92,0.389302
2023-11-20,2.92,0.389302
2023-11-21,2.92,0.389302
2023-11-22,2.91,0.387969
2023-11-23,2.92,0.389302
2023-11-24,2.91,0.387969
2023-11-27,2.89,0.385303
2023-11-28,2.89,0.385303
2023-11-29,2.87,0.382636
2023-11-30,2.89,0.385303
2023-12-01,2.91,0.387969
2023-12-04,2.93,0.390635
2023-12-05,2.89,0.385303
2023-12-06,2.86,0.381303
2023-12-07,2.87,0.382636
2023-12-08,2.9,0.386636
2023-12-11,2.88,0.383969
2023-12-12,2.92,0.389302
2023-12-13,2.89,0.385303
2023-12-14,2.88,0.383969
2023-12-15,2.86,0.381303
2023-12-18,2.85,0.37997
2023-12-19,2.85,0.37997
2023-12-20,2.85,0.37997
2023-12-21,2.85,0.37997
2023-12-22,2.86,0.381303
2023-12-25,2.88,0.383969
2023-12-26,2.86,0.381303
2023-12-27,2.88,0.383969
2023-12-28,2.9,0.386636
2023-12-29,2.9,0.386636
2024-01-02,2.9,0.386636
2024-01-03,2.93,0.390635
2024-01-04,2.94,0.391969
2024-01-05,2.98,0.397302
2024-01-08,2.97,0.395968
2024-01-09,2.96,0.394635
2024-01-10,2.95,0.393302
2024-01-11,2.94,0.391969
2024-01-12,2.97,0.395968
2024-01-15,2.98,0.397302
2024-01-16,3.02,0.402635
2024-01-17,3.0,0.399968
2024-01-18,2.99,0.398635
2024-01-19,3.0,0.399968
2024-01-22,2.97,0.395968
2024-01-23,2.97,0.395968
2024-01-24,3.02,0.402635
2024-01-25,3.07,0.409301
2024-01-26,3.13,0.4173
2024-01-29,3.17,0.422633
2024-01-30,3.13,0.4173
2024-01-31,3.15,0.419966
2024-02-01,3.11,0.414634
2024-02-02,3.13,0.4173
2024-02-05,3.16,0.4213
2024-02-06,3.18,0.423966
2024-02-07,3.13,0.4173
2024-02-08,3.15,0.419966
2024-02-19,3.19,0.425299
2024-02-20,3.24,0.431966
2024-02-21,3.29,0.438632
2024-02-22,3.29,0.438632
2024-02-23,3.28,0.437298
2024-02-26,3.22,0.429299
2024-02-27,3.21,0.427966
2024-02-28,3.21,0.427966
2024-02-29,3.22,0.429299
2024-03-01,3.22,0.429299
2024-03-04,3.2,0.426633
2024-03-05,3.27,0.435965
2024-03-06,3.25,0.433299
2024-03-07,3.27,0.435965
2024-03-08,3.25,0.433299
2024-03-11,3.25,0.433299
2024-03-12,3.21,0.427966
2024-03-13,3.22,0.429299
2024-03-14,3.22,0.429299
2024-03-15,3.29,0.438632
2024-03-18,3.25,0.433299
2024-03-19,3.23,0.430632
2024-03-20,3.26,0.434632
2024-03-21,3.29,0.438632
2024-03-22,3.28,0.437298
2024-03-25,3.3,0.439965
2024-03-26,3.35,0.446631
2024-03-27,3.36,0.447964
2024-03-28,3.12,0.411956
2024-03-29,3.12,0.411956
2024-04-01,3.1,0.409315
2024-04-02,3.08,0.406674
2024-04-03,3.06,0.404034
2024-04-08,3.07,0.405354
2024-04-09,3.07,0.405354
2024-04-10,3.06,0.404034
2024-04-11,3.06,0.404034
2024-04-12,3.02,0.398752
2024-04-15,3.08,0.406674
2024-04-16,3.07,0.405354
2024-04-17,3.14,0.414597
2024-04-18,3.19,0.421198
2024-04-19,3.16,0.417237
2024-04-22,3.13,0.413276
2024-04-23,3.11,0.410635
2024-04-24,3.11,0.410635
2024-04-25,3.14,0.414597
2024-04-26,3.11,0.410635
2024-04-29,3.13,0.413276
2024-04-30,3.15,0.404228
2024-05-06,3.16,0.405511
2024-05-07,3.17,0.406794
2024-05-08,3.14,0.402945
2024-05-09,3.15,0.404228
2024-05-10,3.17,0.406794
2024-05-13,3.18,0.408078
2024-05-14,3.18,0.408078
2024-05-15,3.16,0.405511
2024-05-16,3.18,0.408078
2024-05-17,3.22,0.413211
2024-05-20,3.25,0.417061
2024-05-21,3.26,0.418344
2024-05-22,3.29,0.422194
2024-05-23,3.26,0.418344
2024-05-24,3.24,0.415777
2024-05-27,3.28,0.42091
2024-05-28,3.26,0.418344
2024-05-29,3.23,0.414494
2024-05-30,3.22,0.413211
2024-05-31,3.24,0.415777
2024-06-03,3.21,0.411928
2024-06-04,3.23,0.414494
2024-06-05,3.21,0.411928
2024-06-06,3.18,0.408078
2024-06-07,3.21,0.411928
2024-06-11,3.15,0.404228
2024-06-12,3.14,0.402945
2024-06-13,3.11,0.399095
2024-06-14,3.14,0.402945
2024-06-17,3.11,0.399095
2024-06-18,3.11,0.399095
2024-06-19,3.12,0.400378
2024-06-20,3.1,0.397812
2024-06-21,3.09,0.396528
2024-06-24,3.1,0.397812
2024-06-25,3.12,0.400378
2024-06-26,3.13,0.401661
2024-06-27,3.17,0.406794
2024-06-28,3.17,0.406794
2024-07-01,3.19,0.409361
2024-07-02,3.26,0.418344
2024-07-03,3.27,0.419627
2024-07-04,3.28,0.42091
2024-07-05,3.22,0.413211
2024-07-08,3.24,0.415777
2024-07-09,3.27,0.419627
2024-07-10,3.28,0.42091
2024-07-11,3.25,0.417061
2024-07-12,3.3,0.423477
2024-07-15,3.32,0.426043
2024-07-16,3.34,0.42861
2024-07-17,3.37,0.43246
2024-07-18,3.37,0.43246
2024-07-19,3.37,0.43246
2024-07-22,3.32,0.426043
2024-07-23,3.33,0.427327
2024-07-24,3.18,0.408078
2024-07-25,3.15,0.404228
2024-07-26,3.09,0.396528
2024-07-29,3.17,0.406794
2024-07-30,3.17,0.406794
2024-07-31,3.16,0.405511
2024-08-01,3.18,0.408078
2024-08-02,3.16,0.405511
2024-08-05,3.14,0.402945
2024-08-06,3.11,0.399095
2024-08-07,3.14,0.402945
2024-08-08,3.14,0.402945
2024-08-09,3.13,0.401661
2024-08-12,3.1,0.397812
2024-08-13,3.12,0.400378
2024-08-14,3.12,0.400378
2024-08-15,3.18,0.408078
2024-08-16,3.22,0.413211
2024-08-19,3.26,0.418344
2024-08-20,3.25,0.417061
2024-08-21,3.23,0.414494
2024-08-22,3.25,0.417061
2024-08-23,3.26,0.418344
2024-08-26,3.25,0.417061
2024-08-27,3.26,0.418344
2024-08-28,3.22,0.413211
2024-08-29,3.1,0.397812
2024-08-30,3.06,0.392679
2024-09-02,3.07,0.391361
2024-09-03,3.03,0.386262
2024-09-04,3.06,0.390086
2024-09-05,3.07,0.391361
2024-09-06,3.08,0.392636
2024-09-09,3.05,0.388811
2024-09-10,3.08,0.392636
2024-09-11,3.01,0.383712
2024-09-12,3.04,0.387537
2024-09-13,3.04,0.387537
2024-09-18,3.05,0.388811
2024-09-19,3.07,0.391361
2024-09-20,3.09,0.39391
2024-09-23,3.14,0.400284
2024-09-24,3.28,0.418131
2024-09-25,3.33,0.424505
2024-09-26,3.51,0.447452
2024-09-27,3.46,0.441078
2024-09-30,3.6,0.458925
2024-10-08,3.65,0.465299
2024-10-09,3.41,0.434704
2024-10-10,3.55,0.452551
2024-10-11,3.49,0.444902
2024-10-14,3.58,0.456375
2024-10-15,3.48,0.443627
2024-10-16,3.54,0.451276
2024-10-17,3.51,0.447452
2024-10-18,3.51,0.447452
2024-10-21,3.46,0.441078
2024-10-22,3.46,0.441078
2024-10-23,3.48,0.443627
2024-10-24,3.46,0.441078
2024-10-25,3.42,0.435979
2024-10-28,3.42,0.435979
2024-10-29,3.41,0.434704
2024-10-30,3.36,0.42833
2024-10-31,3.45,0.428932
2024-11-01,3.45,0.428932
2024-11-04,3.47,0.431418
2024-11-05,3.53,0.438878
2024-11-06,3.48,0.432662
2024-11-07,3.54,0.440121
2024-11-08,3.49,0.433905
2024-11-11,3.49,0.433905
2024-11-12,3.45,0.428932
2024-11-13,3.47,0.431418
2024-11-14,3.46,0.430175
2024-11-15,3.45,0.428932
2024-11-18,3.6,0.447581
2024-11-19,3.61,0.448824
2024-11-20,3.6,0.447581
2024-11-21,3.59,0.446338
2024-11-22,3.52,0.437635
2024-11-25,3.54,0.440121
2024-11-26,3.59,0.446338
2024-11-27,3.62,0.450068
2024-11-28,3.62,0.450068
2024-11-29,3.6,0.447581
2024-12-02,3.6,0.447581
2024-12-03,3.69,0.458771
2024-12-04,3.71,0.461257
2024-12-05,3.68,0.457527
2024-12-06,3.73,0.463744
2024-12-09,3.74,0.464987
2024-12-10,3.75,0.46623
2024-12-11,3.69,0.458771
2024-12-12,3.78,0.46996
2024-12-13,3.72,0.4625
2024-12-16,3.73,0.463744
2024-12-17,3.68,0.457527
2024-12-18,3.77,0.468717
2024-12-19,3.72,0.4625
2024-12-20,3.7,0.460014
2024-12-23,3.76,0.467474
2024-12-24,3.8,0.472447
2024-12-25,3.83,0.476177
2024-12-26,3.81,0.47369
2024-12-27,3.82,0.474933
2024-12-30,3.91,0.486123
2024-12-31,3.87,0.48115
2025-01-02,3.73,0.463744
2025-01-03,3.71,0.461257
2025-01-06,3.72,0.4625
2025-01-07,3.73,0.463744
2025-01-08,3.74,0.464987
2025-01-09,3.68,0.457527
2025-01-10,3.68,0.457527
2025-01-13,3.61,0.448824
2025-01-14,3.67,0.456284
2025-01-15,3.69,0.458771
2025-01-16,3.73,0.463744
2025-01-17,3.71,0.461257
2025-01-20,3.76,0.467474
2025-01-21,3.78,0.46996
2025-01-22,3.65,0.453797
2025-01-23,3.87,0.48115
2025-01-24,3.87,0.48115
2025-01-27,3.87,0.48115
2025-02-05,3.78,0.46996
2025-02-06,3.77,0.468717
2025-02-07,3.75,0.46623
2025-02-10,3.75,0.46623
2025-02-11,3.75,0.46623
2025-02-12,3.76,0.467474
2025-02-13,3.77,0.468717
2025-02-14,3.78,0.46996
2025-02-17,3.78,0.46996
2025-02-18,3.84,0.47742
2025-02-19,3.83,0.476177
2025-02-20,3.85,0.478663
2025-02-21,3.79,0.471203
2025-02-24,3.77,0.468717
2025-02-25,3.74,0.464987
2025-02-26,3.75,0.46623
2025-02-27,3.79,0.471203
2025-02-28,3.76,0.467474
2025-03-03,3.75,0.46623
2025-03-04,3.76,0.467474
2025-03-05,3.85,0.478663
2025-03-06,3.8,0.472447
2025-03-07,3.8,0.472447
2025-03-10,3.74,0.464987
2025-03-11,3.75,0.46623
2025-03-12,3.78,0.46996
2025-03-13,3.8,0.472447
2025-03-14,3.86,0.479906
2025-03-17,3.87,0.48115
2025-03-18,3.86,0.479906
2025-03-19,3.9,0.48488
2025-03-20,3.9,0.48488
2025-03-21,3.84,0.47742
2025-03-24,3.84,0.47742
2025-03-25,3.86,0.479906
2025-03-26,3.81,0.47369
2025-03-27,3.84,0.47742
2025-03-28,3.82,0.474933
2025-03-31,3.78,0.462599
2025-04-01,3.74,0.457704
2025-04-02,3.81,0.466271
2025-04-03,3.82,0.467494
2025-04-07,3.59,0.439347
2025-04-08,3.66,0.447914
2025-04-09,3.65,0.44669
2025-04-10,3.64,0.445466
2025-04-11,3.65,0.44669
2025-04-14,3.7,0.452809
2025-04-15,3.72,0.455256
2025-04-16,3.79,0.463823
2025-04-17,3.82,0.467494
2025-04-18,3.81,0.466271
2025-04-21,3.76,0.460152
2025-04-22,3.82,0.467494
2025-04-23,3.78,0.462599
2025-04-24,3.85,0.471166
2025-04-25,3.81,0.466271
2025-04-28,3.89,0.477345
2025-04-29,3.89,0.477345
2025-04-30,3.78,0.463847
2025-05-06,3.77,0.46262
2025-05-07,3.87,0.474891
2025-05-08,3.87,0.474891
2025-05-09,3.9,0.478573
2025-05-12,3.9,0.478573
2025-05-13,3.95,0.484708
2025-05-14,4.0,0.490844
2025-05-15,4.0,0.490844
2025-05-16,3.96,0.485935
2025-05-19,3.96,0.485935
2025-05-20,3.96,0.485935
2025-05-21,3.99,0.489617
2025-05-22,4.05,0.496979
2025-05-23,4.0,0.490844
2025-05-26,3.96,0.485935
2025-05-27,3.98,0.488389
2025-05-28,3.96,0.485935
2025-05-29,3.94,0.483481
2025-05-30,3.97,0.487162
2025-06-03,4.03,0.494525
2025-06-04,4.05,0.496979
2025-06-05,4.01,0.492071
2025-06-06,4.0,0.490844
2025-06-09,4.0,0.490844
2025-06-10,4.05,0.496979
2025-06-11,4.07,0.499433
2025-06-12,4.09,0.501888
2025-06-13,4.02,0.493298
2025-06-16,4.08,0.500661
2025-06-17,4.07,0.499433
2025-06-18,4.1,0.503115
2025-06-19,4.08,0.500661
2025-06-20,4.16,0.510477
2025-06-23,4.23,0.519067
2025-06-24,4.25,0.521521
2025-06-25,4.24,0.520294
2025-06-26,4.28,0.525203
2025-06-27,4.15,0.50925
2025-06-30,4.15,0.50925
2025-07-01,4.2,0.515386
2025-07-02,4.22,0.51784
2025-07-03,4.25,0.521521
2025-07-04,4.38,0.537474
2025-07-07,4.44,0.544836
2025-07-08,4.41,0.541155
2025-07-09,4.43,0.543609
2025-07-10,4.44,0.544836
2025-07-11,4.34,0.532565
2025-07-14,4.39,0.538701
2025-07-15,4.35,0.533792
2025-07-16,4.31,0.528884
2025-07-17,4.27,0.523976
2025-07-18,4.3,0.527657
2025-07-21,4.27,0.523976
2025-07-22,4.24,0.520294
2025-07-23,4.24,0.520294
2025-07-24,4.13,0.506796
2025-07-25,4.08,0.500661
2025-07-28,4.09,0.501888
2025-07-29,4.05,0.496979
2025-07-30,4.08,0.500661
2025-07-31,4.05,0.496979
2025-08-01,4.05,0.496979
2025-08-04,4.06,0.498206
2025-08-05,4.12,0.505569
2025-08-06,4.12,0.505569
2025-08-07,4.13,0.506796
2025-08-08,4.15,0.50925
2025-08-11,4.06,0.498206
2025-08-12,4.1,0.503115
2025-08-13,4.04,0.495752
2025-08-14,4.04,0.495752
2025-08-15,3.93,0.482254
2025-08-18,3.94,0.483481
2025-08-19,3.93,0.482254
2025-08-20,3.95,0.484708
2025-08-21,3.98,0.488389
2025-08-22,3.95,0.484708
2025-08-25,4.0,0.490844
2025-08-26,3.96,0.485935
2025-08-27,3.85,0.472437
2025-08-28,3.85,0.472437
2025-08-29,3.78,0.463847
2025-09-01,3.71,0.447696
2025-09-02,3.79,0.457349
2025-09-03,3.74,0.451316
2025-09-04,3.75,0.452522
2025-09-05,3.71,0.447696
2025-09-08,3.66,0.441662
2025-09-09,3.67,0.442869
2025-09-10,3.67,0.442869
2025-09-11,3.7,0.446489
2025-09-12,3.63,0.438042
2025-09-15,3.61,0.435628
2025-09-16,3.55,0.428388
2025-09-17,3.54,0.427181
2025-09-18,3.48,0.419941
2025-09-19,3.46,0.417527
2025-09-22,3.45,0.416321
2025-09-23,3.48,0.419941
2025-09-24,3.47,0.418734
2025-09-25,3.44,0.415114
2025-09-26,3.43,0.413907
2025-09-29,3.4,0.410287
2025-09-30,3.36,0.40546
2025-10-09,3.36,0.40546
2025-10-10,3.35,0.404253
2025-10-13,3.35,0.404253
2025-10-14,3.42,0.4127
2025-10-15,3.44,0.415114
2025-10-16,3.47,0.418734
2025-10-17,3.43,0.413907
2025-10-20,3.47,0.418734
2025-10-21,3.45,0.416321
2025-10-22,3.5,0.422354
2025-10-23,3.54,0.427181
2025-10-24,3.53,0.425974
2025-10-27,3.53,0.425974
2025-10-28,3.5,0.422354
2025-10-29,3.44,0.415114
2025-10-30,3.45,0.416321
2025-10-31,3.34,0.396781
2025-11-03,3.41,0.405097
2025-11-04,3.46,0.411037
2025-11-05,3.45,0.409849
2025-11-06,3.44,0.408661
2025-11-07,3.45,0.409849
2025-11-10,3.49,0.4146
2025-11-11,3.48,0.413412
2025-11-12,3.5,0.415788
2025-11-13,3.5,0.415788
2025-11-14,3.51,0.416976
2025-11-17,3.54,0.42054
2025-11-18,3.53,0.419352
2025-11-19,3.6,0.427668
2025-11-20,3.67,0.435984
2025-11-21,3.6,0.427668
2025-11-24,3.58,0.425292
2025-11-25,3.65,0.433608
2025-11-26,3.62,0.430044
2025-11-27,3.65,0.433608
2025-11-28,3.61,0.428856
2025-12-01,3.6,0.427668
2025-12-02,3.59,0.42648
2025-12-03,3.55,0.421728
2025-12-04,3.54,0.42054
2025-12-05,3.52,0.418164
2025-12-08,3.56,0.422916
2025-12-09,3.52,0.418164
2025-12-10,3.49,0.4146
2025-12-11,3.5,0.415788
2025-12-12,3.5,0.415788
2025-12-15,3.54,0.42054
2025-12-16,3.5,0.415788
2025-12-17,3.52,0.418164
2025-12-18,3.56,0.422916
2025-12-19,3.56,0.422916
2025-12-22,3.52,0.418164
2025-12-23,3.51,0.416976
2025-12-24,3.5,0.415788
2025-12-25,3.52,0.418164
2025-12-26,3.51,0.416976
2025-12-29,3.53,0.419352
2025-12-30,3.49,0.4146
2025-12-31,3.49,0.4146
2026-01-05,3.48,0.413412
2026-01-06,3.5,0.415788
2026-01-07,3.49,0.4146
2026-01-08,3.47,0.412224
2026-01-09,3.45,0.409849
2026-01-12,3.46,0.411037
2026-01-13,3.46,0.411037
2026-01-14,3.43,0.407473
2026-01-15,3.38,0.401533
2026-01-16,3.35,0.397969
2026-01-19,3.34,0.396781
2026-01-20,3.39,0.402721
2026-01-21,3.36,0.399157
2026-01-22,3.38,0.401533
2026-01-23,3.37,0.400345
2026-01-26,3.38,0.401533
2026-01-27,3.36,0.399157
2026-01-28,3.32,0.394405
2026-01-29,3.34,0.396781
2026-01-30,3.32,0.394405
2026-02-02,3.35,0.397969
2026-02-03,3.32,0.394405
2026-02-04,3.37,0.400345
2026-02-05,3.32,0.394405
2026-02-06,3.31,0.393217
2026-02-09,3.33,0.395593
2026-02-10,3.35,0.397969
2026-02-11,3.35,0.397969
2026-02-12,3.3,0.392029
2026-02-13,3.29,0.390841
2026-02-24,3.28,0.389653
2026-02-25,3.24,0.384901
2026-02-26,3.24,0.384901
2026-02-27,3.24,0.384901
2026-03-02,3.24,0.384901
2026-03-03,3.26,0.387277
2026-03-04,3.2,0.380149
2026-03-05,3.24,0.384901
2026-03-06,3.24,0.384901
2026-03-09,3.23,0.383713
2026-03-10,3.25,0.386089
2026-03-11,3.29,0.390841
2026-03-12,3.33,0.395593
2026-03-13,3.33,0.395593
2026-03-16,3.31,0.393217
2026-03-17,3.34,0.396781
2026-03-18,3.33,0.395593
2026-03-19,3.31,0.393217
2026-03-20,3.28,0.389653
2026-03-23,3.18,0.377773
2026-03-24,3.25,0.386089
2026-03-25,3.3,0.392029
2026-03-26,3.3,0.392029
2026-03-27,3.27,0.388465
2026-03-30,3.28,0.389653
2026-03-31,3.21,0.37941
2026-04-01,3.2,0.378228
2026-04-02,3.19,0.377046
2026-04-03,3.19,0.377046
2026-04-07,3.18,0.375864
2026-04-08,3.22,0.380592
2026-04-09,3.19,0.377046
2026-04-10,3.19,0.377046
2026-04-13,3.19,0.377046
2026-04-14,3.2,0.378228
2026-04-15,3.21,0.37941
2026-04-16,3.2,0.378228
2026-04-17,3.18,0.375864
2026-04-20,3.18,0.375864
2026-04-21,3.18,0.375864
2026-04-22,3.18,0.375864
2026-04-23,3.18,0.375864
2026-04-24,3.18,0.375864
2026-04-27,3.16,0.3735
2026-04-28,3.15,0.372318
2026-04-29,3.16,0.3735
2026-04-30,3.12,0.365423
2026-05-06,3.11,0.364251
2026-05-07,3.12,0.365423
2026-05-08,3.12,0.365423
2026-05-11,3.15,0.368936
2026-05-12,3.15,0.368936
2026-05-13,3.13,0.366594
2026-05-14,3.14,0.367765
2026-05-15,3.11,0.364251
2026-05-18,3.09,0.361909
2026-05-19,3.12,0.365423
2026-05-20,3.13,0.366594
2026-05-21,3.11,0.364251
2026-05-22,3.1,0.36308
2026-05-25,3.1,0.36308
2026-05-26,3.09,0.361909
2026-05-27,3.09,0.361909
2026-05-28,3.07,0.359566
2026-05-29,3.1,0.36308
2026-06-01,3.14,0.367765
2026-06-02,3.15,0.368936
2026-06-03,3.12,0.365423
2026-06-04,3.09,0.361909
2026-06-05,3.13,0.366594
2026-06-08,3.12,0.365423
2026-06-09,3.13,0.366594
2026-06-10,3.18,0.37245
2026-06-11,3.17,0.371279
2026-06-12,3.23,0.378306
2026-06-15,3.19,0.373621
2026-06-16,3.19,0.373621
2026-06-17,3.15,0.368936
2026-06-18,3.08,0.360738
2026-06-22,3.09,0.361909
2026-06-23,3.11,0.364251
2026-06-24,3.04,0.356053
2026-06-25,3.01,0.352539
2026-06-26,2.97,0.347854
2026-06-29,2.95,0.345512
2026-06-30,2.89,0.338484
2026-07-01,2.93,0.343169
2026-07-02,2.97,0.347854
2026-07-03,2.98,0.349025
